{"cameraMode":{"drawMode":0,"name":"Shaded","section":"Shading Mode"},"sceneLighting":true,"audioPlay":false,"sceneViewState":{"showFog":true,"showMaterialUpdate":false,"showSkybox":true,"showFlares":true,"showImageEffects":true,"showParticleSystems":true},"in2DMode":false,"pivot":{"x":244.0129852294922,"y":57.636478424072269,"z":5.7852783203125},"rotation":{"x":-0.002689583459869027,"y":-0.02250259555876255,"z":-0.00006139237666502595,"w":0.9997478127479553},"size":314.02490234375,"orthographic":false}