{"cameraMode":{"drawMode":0,"name":"Shaded","section":"Shading Mode"},"sceneLighting":true,"audioPlay":false,"sceneViewState":{"showFog":true,"showMaterialUpdate":false,"showSkybox":true,"showFlares":true,"showImageEffects":true,"showParticleSystems":true},"in2DMode":false,"pivot":{"x":-37.125205993652347,"y":3.9880313873291017,"z":-22.23723793029785},"rotation":{"x":0.11996282637119293,"y":0.5378519892692566,"z":-0.07766664028167725,"w":0.8308711647987366},"size":9.497430801391602,"orthographic":false}