{"cameraMode":{"drawMode":0,"name":"Shaded","section":"Shading Mode"},"sceneLighting":true,"audioPlay":false,"sceneViewState":{"m_AlwaysRefresh":false,"showFog":true,"showSkybox":true,"showFlares":true,"showImageEffects":true,"showParticleSystems":true,"showVisualEffectGraphs":true,"m_FxEnabled":true},"in2DMode":false,"pivot":{"x":59.22151565551758,"y":0.10045623779296875,"z":-6.95334529876709},"rotation":{"x":0.5769189596176148,"y":-0.010530874133110047,"z":0.007448169402778149,"w":0.8167176246643066},"size":18.38924789428711,"orthographic":false}